name,url,keyword,members,description
,https://www.facebook.com/groups/,physiotherapy pakistan,0,
Physiotherapist Jobs Pakistan,https://www.facebook.com/groups/YPA.PAKISTAN/,physiotherapy pakistan,0,
Students of DPT (Pakistan),https://www.facebook.com/groups/studentsofdpt/,physiotherapy pakistan,0,
PHYSIO-WORLD,https://www.facebook.com/groups/364974956982145/,physiotherapy pakistan,0,
Doctor Of Physiotherapy (Pakistan),https://www.facebook.com/groups/311469126738335/,physiotherapy pakistan,0,
PHYSIOTHERAPY in PAKISTAN,https://www.facebook.com/groups/145771428801904/,physiotherapy pakistan,0,
Physiotherapy Licensing in the USA,https://www.facebook.com/groups/744767693002383/,physiotherapy pakistan,0,
Doctor of Physical Therapy- DPT,https://www.facebook.com/groups/450735145780605/,physiotherapy pakistan,0,
Health Physio Association,https://www.facebook.com/groups/919265398245309/,physiotherapy pakistan,0,
Physiotherapy Jobs & Equipment Buy & Sell,https://www.facebook.com/groups/847922195599970/,physiotherapy pakistan,0,
Pakistan Physiotherapy Equipments,https://www.facebook.com/groups/287079659753643/,physiotherapy pakistan,0,
Physiotherapy home visit and service karachi,https://www.facebook.com/groups/539340574130949/,physiotherapy pakistan,0,
PHYSIOTHERAPY IN LAHORE ðŸ¥¼,https://www.facebook.com/groups/554683502165843/,physiotherapy pakistan,0,
World Physiotherapist,https://www.facebook.com/groups/392343290829487/,physiotherapy pakistan,0,
INDO PAKISTAN PHYSIOTHERAPISTS GROUP,https://www.facebook.com/groups/215702061836233/,physiotherapy pakistan,0,
Physiotherapy,https://www.facebook.com/groups/202441989790194/,physiotherapy pakistan,0,
I am Physiotherapist,https://www.facebook.com/groups/272810091425503/,physiotherapy pakistan,0,
SINDH PHYSIOTHERAPY COUNCIL,https://www.facebook.com/groups/640081576015520/,physiotherapy pakistan,0,
MCQS BCQS for physiotherapy (DPT) Exams,https://www.facebook.com/groups/1686978154864454/,physiotherapy pakistan,0,
Physiotherapy - DPT books,https://www.facebook.com/groups/496291721523266/,physiotherapy pakistan,0,
